ad_budget_k_uah,sales
6.8480825,42.30131
16.033129,60.58051
6.3234673,29.644758
9.141226,40.741604
19.337385,66.797966
5.900263,37.055496
2.8458977,23.988094
4.4035625,22.339016
7.227544,30.39126
5.2550125,42.006626
4.8106823,33.125206
14.039445,55.177383
11.699377,47.883766
6.799384,32.36569
2.2308862,27.361238
6.8514013,36.228905
5.7796087,27.326015
6.7458105,39.062885
0.97877026,11.489981
12.154291,46.603493
2.6527643,22.290466
2.2120082,25.84148
1.8296683,18.015219
14.173837,59.704163
3.979733,28.855297
5.872492,32.71443
17.838406,72.66968
15.309643,62.4369
15.7339115,63.090492
0.5049348,15.417835
2.8290021,25.510036
6.2248898,29.126276
18.260977,70.7947
11.023005,48.57534
2.5210285,17.459501
10.062618,54.047462
2.2332919,19.303177
7.809007,37.11054
7.2502494,29.657658
18.656616,67.006935
13.097367,59.79352
8.256289,38.239147
11.689287,52.237125
7.1133447,36.731922
13.929004,56.210552
13.955639,54.747208
12.685461,62.816658
6.1022305,25.655247
18.531507,69.112434
8.5563,42.035942
6.1068335,39.544373
16.26314,67.359024
18.150566,72.2742
19.951597,80.523636
12.962584,52.708336
6.5910616,33.653736
15.07892,60.6951
18.579544,78.36114
0.19165874,22.260574
8.76113,35.359253
3.1803453,20.051365
11.863598,52.272793
14.135848,55.571957
7.934121,35.088852
9.163428,33.749725
14.501108,59.520744
8.319303,39.856426
1.602205,16.399397
18.00136,61.20999
4.966855,23.80056
8.901415,41.815517
10.943264,48.194088
9.399032,36.74523
0.5931401,9.794037
14.587999,68.89955
5.457685,30.144754
4.813404,29.475758
12.389154,45.94717
4.7813797,30.288069
5.3784037,29.348948
6.630501,42.069168
6.243224,32.884464
5.8236256,29.568485
7.3031416,32.298492
12.598758,57.101643
1.9078207,10.932091
3.9471972,29.90971
10.145914,41.6889
11.390681,46.793243
15.522924,63.71401
2.9755604,27.67746
13.191969,53.571438
15.683898,66.05647
15.552602,58.173733
0.6857848,21.943504
6.183958,32.296967
1.4043438,22.618258
3.6718857,20.924835
15.569829,63.28681
8.506809,41.175316
14.247113,62.039673
4.1299367,30.736395
11.519599,49.6542
3.9514208,20.772732
14.99892,63.71267
5.62621,30.862822
7.4924088,37.126514
1.3236868,18.350712
10.033035,49.939556
19.494802,64.91984
14.853782,58.20279
4.6645904,29.023075
10.134487,43.60492
8.903515,40.079807
1.9492579,24.491991
17.840912,65.8614
10.161207,40.28544
12.10597,49.656734
5.96171,30.818817
5.320809,28.20973
11.648895,61.340794
13.697109,53.12166
12.24298,53.213985
5.1805496,31.958626
19.708979,74.48927
8.527956,45.993515
3.8758492,22.092337
5.3228736,30.40349
19.844208,82.25607
10.000482,42.01612
8.642558,40.8831
5.8383822,39.775906
7.3785458,39.562073
1.5777147,22.118717
2.0531654,23.304264
15.852895,67.49869
18.554495,71.793594
19.543003,70.381584
2.780577,20.787947
15.408632,64.17477
3.8103342,31.025173
15.965603,65.80037
17.215542,65.47197
17.738708,65.70143
17.200512,70.25825
16.255733,67.43771
10.194636,47.91056
14.594824,59.470043
6.422291,39.362583
14.354348,63.443066
6.78598,46.885487
9.832087,39.827454
1.2962115,15.590481
7.385254,27.250887
4.7412705,26.478218
6.626792,34.896893
3.6141348,22.685692
1.0055578,20.705914
10.651165,43.067776
16.489792,65.080666
19.107494,72.720795
15.835542,57.232513
4.8166265,25.441088
0.10990262,14.26338
13.7931385,58.03161
15.60314,66.17948
1.4148796,14.618574
13.585861,59.36157
18.454773,69.05447
10.605765,44.628246
3.9754117,26.500124
18.198763,68.865005
14.270159,60.901077
16.622011,67.42833
3.237145,31.716076
15.819455,63.24194
3.1692636,21.657763
19.894943,71.653656
5.7630024,29.866287
16.025671,63.07042
12.002416,49.07585
12.6501045,48.629776
8.46645,41.4811
14.107353,52.594658
5.832281,33.841908
0.5742073,12.914756
6.1579695,33.127804
17.835386,71.83439
7.3673034,40.72992
13.143185,54.586063
6.302736,36.543507
17.501492,66.317795
15.984902,58.89334
13.530136,52.35436
4.888383,27.612387
1.8287015,17.251081
10.376493,50.57925
4.1334224,27.877733
18.221937,65.533165
0.39024234,18.505917
14.468683,60.27763
19.969141,80.14387
15.008284,65.18322
13.409787,62.70402
0.3785336,14.976995
19.618933,71.79559
8.289524,34.963554
0.65591574,16.514347
19.871628,73.632195
5.930693,37.37271
9.292524,50.208782
19.152796,76.055214
3.067993,23.935349
2.9251003,22.972517
11.626173,52.43306
8.661461,39.23983
12.303418,52.665955
1.612947,22.452263
10.299067,46.96611
5.5524025,38.303394
5.0839114,28.415115
0.843631,11.563267
15.302183,62.014248
11.926365,55.011196
1.5455675,23.418848
17.93552,68.957214
13.016209,60.657646
11.855632,48.69445
4.1286364,22.15753
11.508045,48.43266
19.635403,72.512314
16.858845,65.87327
2.2112978,18.735079
19.128212,73.87488
10.775098,49.566986
14.809651,49.720894
17.766764,67.264465
18.525091,72.36683
2.2046518,26.97438
18.75664,77.3135
3.208251,32.883396
10.7496605,45.943024
3.012364,17.114143
7.8076673,37.108524
9.545573,38.487946
8.803646,39.24544
8.42024,36.035683
10.788706,48.331352
19.864187,77.24478
15.810116,58.508396
15.5947,65.6734
14.002475,47.422752
17.741812,68.297485
9.538509,48.631195
10.795122,48.87581
12.057971,43.531933
1.2786949,18.248093
1.9444311,21.320328
11.226014,48.029602
6.0874977,35.2226
9.816503,48.09453
7.705412,45.286697
11.556627,53.745476
16.506155,57.19159
6.683581,37.2774
18.008606,71.529366
17.895618,72.597404
2.3250186,24.879387
2.2777379,26.819326
1.9092512,23.283466
4.5197973,30.08074
6.1072373,25.47017
9.247305,42.099182
7.568078,28.845894
4.9475145,24.649532
6.823064,33.6259
6.382555,33.456703
19.810383,76.84788
6.2937117,33.442047
2.8399909,23.905962
14.156976,50.26766
9.422384,37.511223
17.65564,60.463127
16.248325,59.622948
19.187288,68.38378
2.6764047,25.248302
16.428635,59.532665
18.392387,68.01072
5.0616846,30.615784
19.1918,68.75713
17.49643,66.36015
10.109511,49.722992
14.821525,60.76421
6.5037847,39.787384
1.278162,16.490046
12.527801,55.70733
12.981253,62.36772
3.4644103,31.474972
14.849997,61.883514
1.4577734,18.77098
